"","Id","Id2","Geography","Estimate..Total.","Margin.of.Error..Total.","Estimate..Total....White.alone","Margin.of.Error..Total....White.alone","Estimate..Total....Black.or.African.American.alone","Margin.of.Error..Total....Black.or.African.American.alone","Estimate..Total....American.Indian.and.Alaska.Native.alone","Margin.of.Error..Total....American.Indian.and.Alaska.Native.alone","Estimate..Total....Asian.alone","Margin.of.Error..Total....Asian.alone","Estimate..Total....Native.Hawaiian.and.Other.Pacific.Islander.alone","Margin.of.Error..Total....Native.Hawaiian.and.Other.Pacific.Islander.alone","Estimate..Total....Some.other.race.alone","Margin.of.Error..Total....Some.other.race.alone","Estimate..Total....Two.or.more.races.","Margin.of.Error..Total....Two.or.more.races.","Estimate..Total....Two.or.more.races....Two.races.including.Some.other.race","Margin.of.Error..Total....Two.or.more.races....Two.races.including.Some.other.race","Estimate..Total....Two.or.more.races....Two.races.excluding.Some.other.race..and.three.or.more.races","Margin.of.Error..Total....Two.or.more.races....Two.races.excluding.Some.other.race..and.three.or.more.races"
"1","1500000US080310001021",80310001021,"Block Group 1, Census Tract 1.02, Denver County, Colorado",981,178,917,171,0,11,0,11,0,11,0,11,29,35,35,29,0,11,35,29
"2","1500000US080310001022",80310001022,"Block Group 2, Census Tract 1.02, Denver County, Colorado",1475,209,1152,220,27,33,21,33,8,14,0,11,251,114,16,19,8,12,8,13
"3","1500000US080310001023",80310001023,"Block Group 3, Census Tract 1.02, Denver County, Colorado",816,169,657,135,31,29,0,11,28,32,0,11,29,26,71,70,0,11,71,70
"4","1500000US080310002011",80310002011,"Block Group 1, Census Tract 2.01, Denver County, Colorado",1722,240,1432,237,45,36,32,53,29,46,8,12,89,83,87,78,30,48,57,67
"5","1500000US080310002012",80310002012,"Block Group 2, Census Tract 2.01, Denver County, Colorado",2360,410,2075,430,28,29,11,17,0,11,0,11,192,169,54,47,21,32,33,35
"6","1500000US080310002021",80310002021,"Block Group 1, Census Tract 2.02, Denver County, Colorado",593,294,391,245,11,16,134,192,25,38,0,11,32,36,0,11,0,11,0,11
"7","1500000US080310002022",80310002022,"Block Group 2, Census Tract 2.02, Denver County, Colorado",1534,323,1237,305,0,11,56,54,42,52,0,11,163,164,36,39,0,11,36,39
"8","1500000US080310002023",80310002023,"Block Group 3, Census Tract 2.02, Denver County, Colorado",840,202,711,195,29,38,37,38,22,25,0,11,5,9,36,42,0,11,36,42
"9","1500000US080310002024",80310002024,"Block Group 4, Census Tract 2.02, Denver County, Colorado",1029,295,928,285,12,20,52,47,20,25,0,11,0,11,17,19,7,11,10,15
"10","1500000US080310003011",80310003011,"Block Group 1, Census Tract 3.01, Denver County, Colorado",787,234,747,236,0,11,0,11,0,11,0,11,10,20,30,33,17,28,13,21
"11","1500000US080310003012",80310003012,"Block Group 2, Census Tract 3.01, Denver County, Colorado",716,185,698,183,0,11,0,11,0,11,0,11,18,30,0,11,0,11,0,11
"12","1500000US080310003013",80310003013,"Block Group 3, Census Tract 3.01, Denver County, Colorado",1042,355,997,346,7,7,0,11,38,65,0,11,0,11,0,11,0,11,0,11
"13","1500000US080310003014",80310003014,"Block Group 4, Census Tract 3.01, Denver County, Colorado",1373,399,994,253,0,11,51,116,60,62,0,11,253,304,15,25,15,25,0,11
"14","1500000US080310003015",80310003015,"Block Group 5, Census Tract 3.01, Denver County, Colorado",733,215,685,201,0,11,0,11,39,58,0,11,0,11,9,14,9,14,0,11
"15","1500000US080310003016",80310003016,"Block Group 6, Census Tract 3.01, Denver County, Colorado",814,199,757,159,0,11,0,11,0,11,0,11,54,73,3,7,0,11,3,7
"16","1500000US080310003021",80310003021,"Block Group 1, Census Tract 3.02, Denver County, Colorado",729,319,677,335,18,28,0,11,0,11,0,11,0,11,34,50,0,11,34,50
"17","1500000US080310003022",80310003022,"Block Group 2, Census Tract 3.02, Denver County, Colorado",842,336,590,224,212,309,15,16,0,11,0,11,0,11,25,28,0,11,25,28
"18","1500000US080310003023",80310003023,"Block Group 3, Census Tract 3.02, Denver County, Colorado",823,237,740,229,0,11,0,11,28,31,0,11,12,24,43,44,30,39,13,19
"19","1500000US080310003024",80310003024,"Block Group 4, Census Tract 3.02, Denver County, Colorado",551,223,525,207,26,41,0,11,0,11,0,11,0,11,0,11,0,11,0,11
"20","1500000US080310003025",80310003025,"Block Group 5, Census Tract 3.02, Denver County, Colorado",1468,341,1260,333,193,109,0,11,0,11,0,11,0,11,15,25,0,11,15,25
"21","1500000US080310003031",80310003031,"Block Group 1, Census Tract 3.03, Denver County, Colorado",678,283,655,281,0,11,23,37,0,11,0,11,0,11,0,11,0,11,0,11
"22","1500000US080310003032",80310003032,"Block Group 2, Census Tract 3.03, Denver County, Colorado",922,295,876,288,21,22,0,11,15,23,0,11,0,11,10,16,0,11,10,16
"23","1500000US080310003033",80310003033,"Block Group 3, Census Tract 3.03, Denver County, Colorado",1154,213,1010,190,0,11,0,11,94,94,0,11,15,24,35,43,23,37,12,20
"24","1500000US080310003034",80310003034,"Block Group 4, Census Tract 3.03, Denver County, Colorado",637,274,637,274,0,11,0,11,0,11,0,11,0,11,0,11,0,11,0,11
"25","1500000US080310003035",80310003035,"Block Group 5, Census Tract 3.03, Denver County, Colorado",801,174,787,178,0,11,0,11,0,11,0,11,0,11,14,23,14,23,0,11
"26","1500000US080310003036",80310003036,"Block Group 6, Census Tract 3.03, Denver County, Colorado",745,192,730,187,0,11,0,11,15,24,0,11,0,11,0,11,0,11,0,11
"27","1500000US080310004011",80310004011,"Block Group 1, Census Tract 4.01, Denver County, Colorado",792,198,648,218,48,84,0,11,50,61,0,11,46,45,0,11,0,11,0,11
"28","1500000US080310004012",80310004012,"Block Group 2, Census Tract 4.01, Denver County, Colorado",784,164,645,143,0,11,36,40,0,11,0,11,96,74,7,12,7,12,0,11
"29","1500000US080310004013",80310004013,"Block Group 3, Census Tract 4.01, Denver County, Colorado",816,214,703,185,0,11,14,27,0,11,0,11,88,112,11,17,0,11,11,17
"30","1500000US080310004014",80310004014,"Block Group 4, Census Tract 4.01, Denver County, Colorado",845,208,591,155,1,4,0,11,0,11,0,11,232,215,21,33,0,11,21,33
"31","1500000US080310004021",80310004021,"Block Group 1, Census Tract 4.02, Denver County, Colorado",435,182,401,179,0,11,0,11,0,11,0,11,18,34,16,26,0,11,16,26
"32","1500000US080310004022",80310004022,"Block Group 2, Census Tract 4.02, Denver County, Colorado",1468,309,1386,297,48,57,0,11,20,32,0,11,0,11,14,22,14,22,0,11
"33","1500000US080310004023",80310004023,"Block Group 3, Census Tract 4.02, Denver County, Colorado",1258,301,1198,295,10,16,0,11,28,32,0,11,0,11,22,34,0,11,22,34
"34","1500000US080310004024",80310004024,"Block Group 4, Census Tract 4.02, Denver County, Colorado",642,249,603,212,0,11,0,11,39,61,0,11,0,11,0,11,0,11,0,11
"35","1500000US080310004025",80310004025,"Block Group 5, Census Tract 4.02, Denver County, Colorado",768,199,745,195,0,11,23,37,0,11,0,11,0,11,0,11,0,11,0,11
"36","1500000US080310004026",80310004026,"Block Group 6, Census Tract 4.02, Denver County, Colorado",377,136,307,114,0,11,70,91,0,11,0,11,0,11,0,11,0,11,0,11
"37","1500000US080310005011",80310005011,"Block Group 1, Census Tract 5.01, Denver County, Colorado",1122,123,1053,113,10,11,14,14,9,10,13,14,6,9,17,20,17,20,0,11
"38","1500000US080310005012",80310005012,"Block Group 2, Census Tract 5.01, Denver County, Colorado",812,112,731,114,30,32,7,12,4,6,0,11,13,13,27,26,23,25,4,6
"39","1500000US080310005021",80310005021,"Block Group 1, Census Tract 5.02, Denver County, Colorado",1184,389,890,260,190,278,11,19,0,11,0,11,75,115,18,30,0,11,18,30
"40","1500000US080310005022",80310005022,"Block Group 2, Census Tract 5.02, Denver County, Colorado",1537,324,1198,278,193,171,0,11,17,27,0,11,42,53,87,79,25,43,62,63
"41","1500000US080310005023",80310005023,"Block Group 3, Census Tract 5.02, Denver County, Colorado",940,291,697,264,80,100,18,27,0,11,0,11,0,11,145,144,113,125,32,54
"42","1500000US080310005024",80310005024,"Block Group 4, Census Tract 5.02, Denver County, Colorado",1447,415,1133,475,143,181,0,11,93,85,0,11,36,55,42,36,0,11,42,36
"43","1500000US080310005025",80310005025,"Block Group 5, Census Tract 5.02, Denver County, Colorado",869,267,670,187,0,11,0,11,14,23,0,11,120,152,65,77,0,11,65,77
"44","1500000US080310006001",80310006001,"Block Group 1, Census Tract 6, Denver County, Colorado",1268,199,1043,194,119,106,0,11,15,18,0,11,62,92,29,34,8,12,21,32
"45","1500000US080310006002",80310006002,"Block Group 2, Census Tract 6, Denver County, Colorado",1705,378,1276,336,11,16,19,30,51,49,0,11,326,312,22,27,7,13,15,23
"46","1500000US080310007011",80310007011,"Block Group 1, Census Tract 7.01, Denver County, Colorado",1387,266,1185,247,59,66,20,21,23,27,0,11,94,56,6,11,0,11,6,11
"47","1500000US080310007012",80310007012,"Block Group 2, Census Tract 7.01, Denver County, Colorado",1157,332,747,240,50,55,106,158,0,11,0,11,176,198,78,67,0,11,78,67
"48","1500000US080310007013",80310007013,"Block Group 3, Census Tract 7.01, Denver County, Colorado",1362,314,1040,292,75,50,47,54,29,46,0,11,130,135,41,51,0,11,41,51
"49","1500000US080310007021",80310007021,"Block Group 1, Census Tract 7.02, Denver County, Colorado",970,343,762,318,128,161,9,14,9,18,0,11,0,11,62,104,62,104,0,11
"50","1500000US080310007022",80310007022,"Block Group 2, Census Tract 7.02, Denver County, Colorado",1640,428,1282,383,42,38,103,130,61,54,0,11,111,103,41,42,9,14,32,40
"51","1500000US080310007023",80310007023,"Block Group 3, Census Tract 7.02, Denver County, Colorado",1302,421,762,344,449,331,18,28,52,63,0,11,21,25,0,11,0,11,0,11
"52","1500000US080310007024",80310007024,"Block Group 4, Census Tract 7.02, Denver County, Colorado",633,212,527,213,0,11,22,23,0,11,0,11,62,64,22,35,0,11,22,35
"53","1500000US080310007025",80310007025,"Block Group 5, Census Tract 7.02, Denver County, Colorado",628,207,545,187,0,11,0,11,24,28,15,23,0,11,44,48,0,11,44,48
"54","1500000US080310008001",80310008001,"Block Group 1, Census Tract 8, Denver County, Colorado",1448,240,750,232,484,243,6,11,75,56,0,11,133,131,0,11,0,11,0,11
"55","1500000US080310009021",80310009021,"Block Group 1, Census Tract 9.02, Denver County, Colorado",592,259,401,184,0,11,132,200,40,52,0,11,0,11,19,17,0,11,19,17
"56","1500000US080310009022",80310009022,"Block Group 2, Census Tract 9.02, Denver County, Colorado",972,429,847,406,58,90,8,14,23,36,0,11,0,11,36,47,29,46,7,10
"57","1500000US080310009023",80310009023,"Block Group 3, Census Tract 9.02, Denver County, Colorado",1069,339,920,359,0,11,7,12,92,89,0,11,29,35,21,33,0,11,21,33
"58","1500000US080310009024",80310009024,"Block Group 4, Census Tract 9.02, Denver County, Colorado",1822,410,1487,436,59,110,9,15,25,30,0,11,223,158,19,30,0,11,19,30
"59","1500000US080310009025",80310009025,"Block Group 5, Census Tract 9.02, Denver County, Colorado",1638,385,1452,366,51,79,45,54,46,56,0,11,44,51,0,11,0,11,0,11
"60","1500000US080310009031",80310009031,"Block Group 1, Census Tract 9.03, Denver County, Colorado",1404,373,1315,385,0,11,21,31,0,11,0,11,59,52,9,14,0,11,9,14
"61","1500000US080310009032",80310009032,"Block Group 2, Census Tract 9.03, Denver County, Colorado",1115,359,1073,367,0,11,0,11,0,11,0,11,42,51,0,11,0,11,0,11
"62","1500000US080310009033",80310009033,"Block Group 3, Census Tract 9.03, Denver County, Colorado",1295,468,1157,447,67,73,15,23,0,11,0,11,46,72,10,16,10,16,0,11
"63","1500000US080310009034",80310009034,"Block Group 4, Census Tract 9.03, Denver County, Colorado",1906,470,1715,457,3,6,18,40,0,11,0,11,137,145,33,43,0,11,33,43
"64","1500000US080310009035",80310009035,"Block Group 5, Census Tract 9.03, Denver County, Colorado",739,254,624,248,0,11,19,30,0,11,0,11,56,64,40,62,40,62,0,11
"65","1500000US080310009041",80310009041,"Block Group 1, Census Tract 9.04, Denver County, Colorado",1090,328,931,302,10,17,12,22,0,11,0,11,122,158,15,22,15,22,0,11
"66","1500000US080310009042",80310009042,"Block Group 2, Census Tract 9.04, Denver County, Colorado",1560,283,1063,252,79,63,40,36,32,44,0,11,241,138,105,94,34,32,71,89
"67","1500000US080310009043",80310009043,"Block Group 3, Census Tract 9.04, Denver County, Colorado",715,328,451,235,0,11,0,11,0,11,0,11,264,243,0,11,0,11,0,11
"68","1500000US080310009044",80310009044,"Block Group 4, Census Tract 9.04, Denver County, Colorado",1746,431,1338,407,106,156,64,67,37,60,0,11,173,141,28,26,28,26,0,11
"69","1500000US080310009051",80310009051,"Block Group 1, Census Tract 9.05, Denver County, Colorado",862,278,655,257,73,104,0,11,0,11,0,11,134,147,0,11,0,11,0,11
"70","1500000US080310009052",80310009052,"Block Group 2, Census Tract 9.05, Denver County, Colorado",1274,493,951,423,20,31,0,11,0,11,0,11,303,279,0,11,0,11,0,11
"71","1500000US080310009053",80310009053,"Block Group 3, Census Tract 9.05, Denver County, Colorado",793,275,774,282,19,30,0,11,0,11,0,11,0,11,0,11,0,11,0,11
"72","1500000US080310009054",80310009054,"Block Group 4, Census Tract 9.05, Denver County, Colorado",1274,397,1109,416,8,16,0,11,0,11,0,11,133,110,24,38,0,11,24,38
"73","1500000US080310010001",80310010001,"Block Group 1, Census Tract 10, Denver County, Colorado",1386,521,1086,516,119,165,14,26,71,83,0,11,96,96,0,11,0,11,0,11
"74","1500000US080310010002",80310010002,"Block Group 2, Census Tract 10, Denver County, Colorado",788,318,738,306,0,11,0,11,31,110,0,11,13,22,6,9,6,9,0,11
"75","1500000US080310010003",80310010003,"Block Group 3, Census Tract 10, Denver County, Colorado",1873,552,1696,568,23,26,0,11,141,211,0,11,0,11,13,19,0,11,13,19
"76","1500000US080310011011",80310011011,"Block Group 1, Census Tract 11.01, Denver County, Colorado",372,118,293,111,0,11,7,9,0,11,0,11,72,60,0,11,0,11,0,11
"77","1500000US080310011012",80310011012,"Block Group 2, Census Tract 11.01, Denver County, Colorado",675,201,517,219,122,98,0,11,0,11,0,11,5,8,31,31,0,11,31,31
"78","1500000US080310011013",80310011013,"Block Group 3, Census Tract 11.01, Denver County, Colorado",883,249,598,227,0,11,21,32,0,11,0,11,243,108,21,27,17,27,4,7
"79","1500000US080310011014",80310011014,"Block Group 4, Census Tract 11.01, Denver County, Colorado",734,177,484,150,44,50,109,124,0,11,0,11,68,46,29,26,29,26,0,11
"80","1500000US080310011021",80310011021,"Block Group 1, Census Tract 11.02, Denver County, Colorado",1021,312,874,282,87,69,0,11,0,11,0,11,60,67,0,11,0,11,0,11
"81","1500000US080310011022",80310011022,"Block Group 2, Census Tract 11.02, Denver County, Colorado",710,243,532,180,8,12,0,11,0,11,0,11,148,220,22,44,0,11,22,44
"82","1500000US080310011023",80310011023,"Block Group 3, Census Tract 11.02, Denver County, Colorado",1976,280,1739,261,11,25,23,27,73,48,0,11,23,28,107,71,23,26,84,59
"83","1500000US080310013011",80310013011,"Block Group 1, Census Tract 13.01, Denver County, Colorado",1252,403,1002,388,0,11,0,11,140,180,0,11,110,121,0,11,0,11,0,11
"84","1500000US080310013012",80310013012,"Block Group 2, Census Tract 13.01, Denver County, Colorado",1009,405,837,393,1,2,0,11,90,91,0,11,80,119,1,2,0,11,1,2
"85","1500000US080310013013",80310013013,"Block Group 3, Census Tract 13.01, Denver County, Colorado",1327,370,1156,358,49,76,7,11,14,23,0,11,86,77,15,24,0,11,15,24
"86","1500000US080310013014",80310013014,"Block Group 4, Census Tract 13.01, Denver County, Colorado",740,269,598,242,0,11,14,21,24,24,0,11,33,51,71,72,0,11,71,72
"87","1500000US080310013015",80310013015,"Block Group 5, Census Tract 13.01, Denver County, Colorado",787,295,652,253,1,3,0,11,121,142,11,19,2,3,0,11,0,11,0,11
"88","1500000US080310013021",80310013021,"Block Group 1, Census Tract 13.02, Denver County, Colorado",1754,385,1506,388,9,14,29,44,38,61,0,11,67,61,105,88,66,94,39,38
"89","1500000US080310013022",80310013022,"Block Group 2, Census Tract 13.02, Denver County, Colorado",947,477,723,486,0,11,0,11,0,11,0,11,218,272,6,10,6,10,0,11
"90","1500000US080310013023",80310013023,"Block Group 3, Census Tract 13.02, Denver County, Colorado",1377,288,1006,267,44,47,44,54,0,11,0,11,175,132,108,97,0,11,108,97
"91","1500000US080310014011",80310014011,"Block Group 1, Census Tract 14.01, Denver County, Colorado",1067,315,839,246,3,6,0,11,0,11,0,11,197,249,28,44,0,11,28,44
"92","1500000US080310014012",80310014012,"Block Group 2, Census Tract 14.01, Denver County, Colorado",538,180,401,151,0,11,0,11,16,29,0,11,117,115,4,8,0,11,4,8
"93","1500000US080310014013",80310014013,"Block Group 3, Census Tract 14.01, Denver County, Colorado",1974,643,1652,639,19,22,9,14,32,35,0,11,253,197,9,13,0,11,9,13
"94","1500000US080310014014",80310014014,"Block Group 4, Census Tract 14.01, Denver County, Colorado",1639,347,898,307,30,36,0,11,560,79,0,11,151,165,0,11,0,11,0,11
"95","1500000US080310014015",80310014015,"Block Group 5, Census Tract 14.01, Denver County, Colorado",1331,458,881,350,22,34,5,11,0,11,0,11,347,300,76,104,0,11,76,104
"96","1500000US080310014021",80310014021,"Block Group 1, Census Tract 14.02, Denver County, Colorado",1287,544,780,314,340,396,0,11,38,51,0,11,0,11,129,176,0,11,129,176
"97","1500000US080310014022",80310014022,"Block Group 2, Census Tract 14.02, Denver County, Colorado",816,412,514,319,0,11,0,11,0,11,0,11,302,308,0,11,0,11,0,11
"98","1500000US080310014023",80310014023,"Block Group 3, Census Tract 14.02, Denver County, Colorado",1339,466,752,331,0,11,0,11,16,26,0,11,571,537,0,11,0,11,0,11
"99","1500000US080310014024",80310014024,"Block Group 4, Census Tract 14.02, Denver County, Colorado",1265,344,772,272,10,14,0,11,193,202,3,6,225,249,62,71,24,44,38,53
"100","1500000US080310014031",80310014031,"Block Group 1, Census Tract 14.03, Denver County, Colorado",1868,288,1434,253,124,128,52,74,36,46,0,11,125,134,97,104,71,92,26,43
"101","1500000US080310014032",80310014032,"Block Group 2, Census Tract 14.03, Denver County, Colorado",1293,249,885,190,251,176,9,17,19,31,0,11,88,76,41,47,0,11,41,47
"102","1500000US080310015001",80310015001,"Block Group 1, Census Tract 15, Denver County, Colorado",1082,345,779,299,57,78,0,11,0,11,0,11,157,172,89,95,53,79,36,56
"103","1500000US080310015002",80310015002,"Block Group 2, Census Tract 15, Denver County, Colorado",1535,441,1302,419,12,26,0,11,7,11,8,25,139,144,67,95,59,94,8,13
"104","1500000US080310015003",80310015003,"Block Group 3, Census Tract 15, Denver County, Colorado",1553,501,1201,458,146,145,10,21,0,11,0,11,162,145,34,27,0,11,34,27
"105","1500000US080310016001",80310016001,"Block Group 1, Census Tract 16, Denver County, Colorado",3529,787,2857,1173,593,643,0,11,53,79,0,11,26,42,0,11,0,11,0,11
"106","1500000US080310016002",80310016002,"Block Group 2, Census Tract 16, Denver County, Colorado",5045,660,4241,580,407,226,14,32,171,113,31,52,19,34,162,113,25,41,137,99
"107","1500000US080310016003",80310016003,"Block Group 3, Census Tract 16, Denver County, Colorado",2256,994,1769,821,224,171,45,75,0,11,0,11,133,133,85,114,0,11,85,114
"108","1500000US080310017011",80310017011,"Block Group 1, Census Tract 17.01, Denver County, Colorado",1806,287,1743,301,0,11,0,11,47,45,0,11,0,11,16,28,16,28,0,11
"109","1500000US080310017012",80310017012,"Block Group 2, Census Tract 17.01, Denver County, Colorado",942,292,874,280,19,30,0,11,9,16,0,11,18,28,22,36,22,36,0,11
"110","1500000US080310017013",80310017013,"Block Group 3, Census Tract 17.01, Denver County, Colorado",369,113,334,124,26,42,0,11,0,11,0,11,0,11,9,15,0,11,9,15
"111","1500000US080310017014",80310017014,"Block Group 4, Census Tract 17.01, Denver County, Colorado",1320,291,980,281,29,47,9,14,264,135,0,11,0,11,38,42,16,25,22,33
"112","1500000US080310017015",80310017015,"Block Group 5, Census Tract 17.01, Denver County, Colorado",827,221,827,221,0,11,0,11,0,11,0,11,0,11,0,11,0,11,0,11
"113","1500000US080310017021",80310017021,"Block Group 1, Census Tract 17.02, Denver County, Colorado",1695,317,1303,256,179,144,15,25,0,11,0,11,77,95,121,86,0,11,121,86
"114","1500000US080310017022",80310017022,"Block Group 2, Census Tract 17.02, Denver County, Colorado",2288,355,2061,364,57,55,0,11,114,83,0,11,21,35,35,40,0,11,35,40
"115","1500000US080310018001",80310018001,"Block Group 1, Census Tract 18, Denver County, Colorado",1858,213,1441,200,91,88,79,78,90,61,0,11,119,104,38,31,0,11,38,31
"116","1500000US080310018002",80310018002,"Block Group 2, Census Tract 18, Denver County, Colorado",1529,388,1003,255,41,40,87,118,7,10,0,11,361,382,30,37,0,11,30,37
"117","1500000US080310019011",80310019011,"Block Group 1, Census Tract 19.01, Denver County, Colorado",879,362,470,301,319,251,0,11,36,58,0,11,46,98,8,12,0,11,8,12
"118","1500000US080310019012",80310019012,"Block Group 2, Census Tract 19.01, Denver County, Colorado",1763,338,1343,334,135,98,43,49,32,42,0,11,193,169,17,27,0,11,17,27
"119","1500000US080310019021",80310019021,"Block Group 1, Census Tract 19.02, Denver County, Colorado",812,204,651,188,21,20,0,11,85,48,4,7,10,21,41,41,0,11,41,41
"120","1500000US080310020001",80310020001,"Block Group 1, Census Tract 20, Denver County, Colorado",1918,201,1684,199,112,83,0,11,53,50,10,15,35,44,24,28,0,11,24,28
"121","1500000US080310021001",80310021001,"Block Group 1, Census Tract 21, Denver County, Colorado",1140,310,910,227,108,101,0,11,0,11,0,11,0,11,122,113,0,11,122,113
"122","1500000US080310021002",80310021002,"Block Group 2, Census Tract 21, Denver County, Colorado",1516,444,1338,359,0,11,0,11,69,101,0,11,39,70,70,77,0,11,70,77
"123","1500000US080310021003",80310021003,"Block Group 3, Census Tract 21, Denver County, Colorado",1010,218,894,220,11,19,0,11,29,45,0,11,66,72,10,15,0,11,10,15
"124","1500000US080310021004",80310021004,"Block Group 4, Census Tract 21, Denver County, Colorado",442,252,393,243,0,11,49,71,0,11,0,11,0,11,0,11,0,11,0,11
"125","1500000US080310021005",80310021005,"Block Group 5, Census Tract 21, Denver County, Colorado",1763,575,1458,545,0,11,0,11,9,16,0,11,160,152,136,188,0,11,136,188
"126","1500000US080310023001",80310023001,"Block Group 1, Census Tract 23, Denver County, Colorado",2567,520,1858,465,451,462,24,37,0,11,0,11,168,253,66,73,0,11,66,73
"127","1500000US080310023002",80310023002,"Block Group 2, Census Tract 23, Denver County, Colorado",1056,335,830,319,183,143,0,11,0,11,0,11,8,17,35,40,17,27,18,29
"128","1500000US080310023003",80310023003,"Block Group 3, Census Tract 23, Denver County, Colorado",2365,476,1738,458,426,202,0,11,0,11,0,11,0,11,201,144,119,136,82,66
"129","1500000US080310024021",80310024021,"Block Group 1, Census Tract 24.02, Denver County, Colorado",1118,166,642,136,340,118,18,29,28,28,0,11,41,49,49,32,0,11,49,32
"130","1500000US080310024022",80310024022,"Block Group 2, Census Tract 24.02, Denver County, Colorado",769,160,597,155,110,58,7,11,3,7,0,11,17,26,35,24,0,11,35,24
"131","1500000US080310024031",80310024031,"Block Group 1, Census Tract 24.03, Denver County, Colorado",1257,256,846,252,173,178,0,11,18,23,0,11,179,146,41,36,9,16,32,31
"132","1500000US080310024032",80310024032,"Block Group 2, Census Tract 24.03, Denver County, Colorado",884,195,701,198,39,37,29,47,24,25,0,11,22,33,69,87,0,11,69,87
"133","1500000US080310024033",80310024033,"Block Group 3, Census Tract 24.03, Denver County, Colorado",1492,377,1059,276,201,145,8,13,0,11,0,11,37,57,187,178,116,172,71,61
"134","1500000US080310026011",80310026011,"Block Group 1, Census Tract 26.01, Denver County, Colorado",1600,299,1345,282,88,38,14,24,73,76,0,11,16,26,64,51,17,27,47,44
"135","1500000US080310026012",80310026012,"Block Group 2, Census Tract 26.01, Denver County, Colorado",1532,278,1280,272,197,86,0,11,15,24,0,11,17,27,23,26,10,16,13,20
"136","1500000US080310026021",80310026021,"Block Group 1, Census Tract 26.02, Denver County, Colorado",2702,203,2330,214,124,66,14,16,48,41,0,11,50,51,136,89,11,17,125,86
"137","1500000US080310027011",80310027011,"Block Group 1, Census Tract 27.01, Denver County, Colorado",1030,193,901,178,86,86,0,11,12,20,0,11,0,11,31,35,0,11,31,35
"138","1500000US080310027012",80310027012,"Block Group 2, Census Tract 27.01, Denver County, Colorado",1165,265,881,194,13,21,22,30,32,49,10,21,177,214,30,35,15,23,15,25
"139","1500000US080310027013",80310027013,"Block Group 3, Census Tract 27.01, Denver County, Colorado",1637,220,1236,185,102,92,0,11,72,70,0,11,107,119,120,64,39,43,81,59
"140","1500000US080310027014",80310027014,"Block Group 4, Census Tract 27.01, Denver County, Colorado",841,156,695,132,0,11,30,50,15,25,0,11,0,11,101,59,41,68,60,50
"141","1500000US080310027021",80310027021,"Block Group 1, Census Tract 27.02, Denver County, Colorado",1534,248,1244,246,0,11,14,24,129,70,0,11,106,146,41,44,0,11,41,44
"142","1500000US080310027022",80310027022,"Block Group 2, Census Tract 27.02, Denver County, Colorado",1617,316,1558,319,0,11,0,11,13,21,0,11,15,23,31,33,0,11,31,33
"143","1500000US080310027023",80310027023,"Block Group 3, Census Tract 27.02, Denver County, Colorado",1023,264,899,258,38,41,0,11,31,32,0,11,28,44,27,41,0,11,27,41
"144","1500000US080310027024",80310027024,"Block Group 4, Census Tract 27.02, Denver County, Colorado",673,141,551,146,31,35,12,20,19,29,0,11,0,11,60,62,0,11,60,62
"145","1500000US080310027025",80310027025,"Block Group 5, Census Tract 27.02, Denver County, Colorado",1110,219,942,231,28,30,2,4,74,59,0,11,10,16,54,87,0,11,54,87
"146","1500000US080310027031",80310027031,"Block Group 1, Census Tract 27.03, Denver County, Colorado",1673,301,953,177,431,254,54,59,61,74,0,11,81,93,93,87,0,11,93,87
"147","1500000US080310027032",80310027032,"Block Group 2, Census Tract 27.03, Denver County, Colorado",1257,233,1158,251,14,21,0,11,17,28,0,11,55,68,13,23,0,11,13,23
"148","1500000US080310027033",80310027033,"Block Group 3, Census Tract 27.03, Denver County, Colorado",1201,321,1080,310,22,21,0,11,43,49,0,11,0,11,56,65,0,11,56,65
"149","1500000US080310027034",80310027034,"Block Group 4, Census Tract 27.03, Denver County, Colorado",1110,242,1032,239,5,10,2,6,16,27,0,11,22,25,33,39,0,11,33,39
"150","1500000US080310028011",80310028011,"Block Group 1, Census Tract 28.01, Denver County, Colorado",1028,223,968,223,0,11,0,11,23,29,0,11,0,11,37,46,0,11,37,46
"151","1500000US080310028012",80310028012,"Block Group 2, Census Tract 28.01, Denver County, Colorado",778,156,727,138,22,26,0,11,0,11,0,11,29,45,0,11,0,11,0,11
"152","1500000US080310028013",80310028013,"Block Group 3, Census Tract 28.01, Denver County, Colorado",899,181,804,181,0,11,0,11,31,29,0,11,0,11,64,45,0,11,64,45
"153","1500000US080310028021",80310028021,"Block Group 1, Census Tract 28.02, Denver County, Colorado",1728,345,1482,289,116,119,12,23,26,31,0,11,59,81,33,39,0,11,33,39
"154","1500000US080310028022",80310028022,"Block Group 2, Census Tract 28.02, Denver County, Colorado",764,178,746,180,0,11,0,11,0,11,0,11,18,28,0,11,0,11,0,11
"155","1500000US080310028023",80310028023,"Block Group 3, Census Tract 28.02, Denver County, Colorado",1008,252,942,248,39,40,9,15,16,27,0,11,0,11,2,4,0,11,2,4
"156","1500000US080310028024",80310028024,"Block Group 4, Census Tract 28.02, Denver County, Colorado",834,192,789,200,0,11,0,11,16,25,0,11,15,23,14,21,0,11,14,21
"157","1500000US080310028031",80310028031,"Block Group 1, Census Tract 28.03, Denver County, Colorado",712,195,682,193,0,11,0,11,16,27,0,11,14,22,0,11,0,11,0,11
"158","1500000US080310028032",80310028032,"Block Group 2, Census Tract 28.03, Denver County, Colorado",1236,249,1124,243,0,11,0,11,96,116,0,11,0,11,16,26,0,11,16,26
"159","1500000US080310028033",80310028033,"Block Group 3, Census Tract 28.03, Denver County, Colorado",1389,337,1215,264,15,25,0,11,20,33,27,44,30,47,82,94,0,11,82,94
"160","1500000US080310028034",80310028034,"Block Group 4, Census Tract 28.03, Denver County, Colorado",1321,242,1012,186,72,89,0,11,116,159,0,11,76,81,45,48,0,11,45,48
"161","1500000US080310029011",80310029011,"Block Group 1, Census Tract 29.01, Denver County, Colorado",891,158,833,165,21,25,0,11,10,16,0,11,0,11,27,36,0,11,27,36
"162","1500000US080310029012",80310029012,"Block Group 2, Census Tract 29.01, Denver County, Colorado",1187,177,1064,184,0,11,8,13,44,63,0,11,6,10,65,56,0,11,65,56
"163","1500000US080310029013",80310029013,"Block Group 3, Census Tract 29.01, Denver County, Colorado",1168,177,1054,192,29,35,0,11,27,27,0,11,26,42,32,40,0,11,32,40
"164","1500000US080310029021",80310029021,"Block Group 1, Census Tract 29.02, Denver County, Colorado",1923,297,1769,317,32,39,0,11,22,20,0,11,15,23,85,69,10,16,75,69
"165","1500000US080310029022",80310029022,"Block Group 2, Census Tract 29.02, Denver County, Colorado",1290,226,1163,227,0,11,0,11,29,43,0,11,26,40,72,75,10,17,62,73
"166","1500000US080310029023",80310029023,"Block Group 3, Census Tract 29.02, Denver County, Colorado",1117,207,1060,198,13,22,0,11,20,23,0,11,0,11,24,38,0,11,24,38
"167","1500000US080310030011",80310030011,"Block Group 1, Census Tract 30.01, Denver County, Colorado",984,261,918,280,0,11,0,11,15,24,0,11,0,11,51,59,0,11,51,59
"168","1500000US080310030012",80310030012,"Block Group 2, Census Tract 30.01, Denver County, Colorado",1272,298,1174,312,66,90,0,11,0,11,0,11,0,11,32,52,0,11,32,52
"169","1500000US080310030013",80310030013,"Block Group 3, Census Tract 30.01, Denver County, Colorado",958,227,916,224,0,11,0,11,0,11,0,11,0,11,42,66,0,11,42,66
"170","1500000US080310030014",80310030014,"Block Group 4, Census Tract 30.01, Denver County, Colorado",1181,225,1133,213,0,11,0,11,14,24,0,11,19,29,15,24,0,11,15,24
"171","1500000US080310030015",80310030015,"Block Group 5, Census Tract 30.01, Denver County, Colorado",1317,305,1263,307,1,2,0,11,0,11,0,11,0,11,53,47,21,29,32,38
"172","1500000US080310030021",80310030021,"Block Group 1, Census Tract 30.02, Denver County, Colorado",594,152,559,142,8,12,0,11,27,30,0,11,0,11,0,11,0,11,0,11
"173","1500000US080310030022",80310030022,"Block Group 2, Census Tract 30.02, Denver County, Colorado",785,168,676,163,0,11,0,11,53,74,0,11,29,43,27,44,0,11,27,44
"174","1500000US080310030023",80310030023,"Block Group 3, Census Tract 30.02, Denver County, Colorado",1181,217,1077,212,41,27,0,11,32,21,0,11,23,29,8,12,0,11,8,12
"175","1500000US080310030031",80310030031,"Block Group 1, Census Tract 30.03, Denver County, Colorado",1643,177,1603,178,17,26,0,11,10,15,0,11,0,11,13,20,13,20,0,11
"176","1500000US080310030032",80310030032,"Block Group 2, Census Tract 30.03, Denver County, Colorado",1648,186,1276,193,47,34,30,47,184,56,0,11,37,31,74,54,0,11,74,54
"177","1500000US080310030041",80310030041,"Block Group 1, Census Tract 30.04, Denver County, Colorado",2546,409,1923,352,64,47,5,9,483,305,0,11,15,18,56,67,35,53,21,41
"178","1500000US080310030042",80310030042,"Block Group 2, Census Tract 30.04, Denver County, Colorado",2141,414,1946,386,21,36,0,11,32,37,0,11,0,11,142,167,0,11,142,167
"179","1500000US080310030043",80310030043,"Block Group 3, Census Tract 30.04, Denver County, Colorado",1530,398,1391,295,109,150,0,11,0,11,0,11,0,11,30,46,0,11,30,46
"180","1500000US080310031011",80310031011,"Block Group 1, Census Tract 31.01, Denver County, Colorado",1576,122,1112,117,238,51,6,9,16,17,0,11,86,71,118,56,16,18,102,56
"181","1500000US080310031021",80310031021,"Block Group 1, Census Tract 31.02, Denver County, Colorado",1685,217,1145,204,388,173,11,21,82,58,0,11,8,18,51,32,0,11,51,32
"182","1500000US080310031022",80310031022,"Block Group 2, Census Tract 31.02, Denver County, Colorado",1633,216,1310,227,153,76,0,11,19,22,12,20,87,92,52,54,0,11,52,54
"183","1500000US080310032011",80310032011,"Block Group 1, Census Tract 32.01, Denver County, Colorado",1359,258,1100,251,198,101,0,11,38,41,0,11,0,11,23,28,0,11,23,28
"184","1500000US080310032012",80310032012,"Block Group 2, Census Tract 32.01, Denver County, Colorado",1471,269,1297,260,1,2,0,11,48,64,17,28,26,39,82,70,0,11,82,70
"185","1500000US080310032013",80310032013,"Block Group 3, Census Tract 32.01, Denver County, Colorado",1193,329,1120,324,20,32,19,29,17,27,0,11,0,11,17,27,0,11,17,27
"186","1500000US080310032014",80310032014,"Block Group 4, Census Tract 32.01, Denver County, Colorado",760,247,733,246,0,11,0,11,12,21,0,11,0,11,15,23,0,11,15,23
"187","1500000US080310032015",80310032015,"Block Group 5, Census Tract 32.01, Denver County, Colorado",684,210,649,209,0,11,21,34,0,11,0,11,0,11,14,22,0,11,14,22
"188","1500000US080310032021",80310032021,"Block Group 1, Census Tract 32.02, Denver County, Colorado",1101,182,937,185,90,61,16,23,17,24,0,11,34,47,7,17,0,11,7,17
"189","1500000US080310032022",80310032022,"Block Group 2, Census Tract 32.02, Denver County, Colorado",811,147,773,141,0,11,5,9,0,11,0,11,18,28,15,24,0,11,15,24
"190","1500000US080310032023",80310032023,"Block Group 3, Census Tract 32.02, Denver County, Colorado",1224,188,1079,179,1,3,4,3,130,66,0,11,1,2,9,14,0,11,9,14
"191","1500000US080310032031",80310032031,"Block Group 1, Census Tract 32.03, Denver County, Colorado",774,189,715,188,0,11,15,24,20,22,0,11,0,11,24,38,0,11,24,38
"192","1500000US080310032032",80310032032,"Block Group 2, Census Tract 32.03, Denver County, Colorado",1222,185,1136,178,0,11,18,21,0,11,0,11,0,11,68,68,11,19,57,64
"193","1500000US080310032033",80310032033,"Block Group 3, Census Tract 32.03, Denver County, Colorado",1126,191,1062,189,0,11,18,32,33,37,0,11,0,11,13,22,0,11,13,22
"194","1500000US080310033001",80310033001,"Block Group 1, Census Tract 33, Denver County, Colorado",1109,195,1046,185,0,11,0,11,54,60,0,11,9,16,0,11,0,11,0,11
"195","1500000US080310033002",80310033002,"Block Group 2, Census Tract 33, Denver County, Colorado",884,208,858,207,18,27,0,11,8,13,0,11,0,11,0,11,0,11,0,11
"196","1500000US080310033003",80310033003,"Block Group 3, Census Tract 33, Denver County, Colorado",1002,261,790,155,0,11,0,11,30,33,0,11,100,125,82,109,71,108,11,18
"197","1500000US080310033004",80310033004,"Block Group 4, Census Tract 33, Denver County, Colorado",565,109,519,106,0,11,12,15,10,16,0,11,0,11,24,36,0,11,24,36
"198","1500000US080310034011",80310034011,"Block Group 1, Census Tract 34.01, Denver County, Colorado",550,112,508,98,10,16,0,11,0,11,0,11,11,17,21,33,21,33,0,11
"199","1500000US080310034012",80310034012,"Block Group 2, Census Tract 34.01, Denver County, Colorado",1992,188,1876,179,31,34,0,11,62,44,0,11,9,13,14,22,0,11,14,22
"200","1500000US080310034021",80310034021,"Block Group 1, Census Tract 34.02, Denver County, Colorado",1202,256,1092,239,10,15,0,11,56,41,0,11,0,11,44,48,8,12,36,47
"201","1500000US080310034022",80310034022,"Block Group 2, Census Tract 34.02, Denver County, Colorado",2496,258,2338,268,0,11,0,11,99,85,0,11,21,34,38,36,9,14,29,33
"202","1500000US080310034023",80310034023,"Block Group 3, Census Tract 34.02, Denver County, Colorado",1123,233,1038,208,0,11,0,11,53,80,0,11,1,3,31,49,0,11,31,49
"203","1500000US080310035001",80310035001,"Block Group 1, Census Tract 35, Denver County, Colorado",856,325,600,239,18,28,18,29,0,11,0,11,212,212,8,13,8,13,0,11
"204","1500000US080310035002",80310035002,"Block Group 2, Census Tract 35, Denver County, Colorado",1474,338,1175,366,40,51,24,26,9,15,0,11,226,183,0,11,0,11,0,11
"205","1500000US080310035003",80310035003,"Block Group 3, Census Tract 35, Denver County, Colorado",1648,480,1509,476,0,11,12,19,0,11,0,11,93,104,34,42,0,11,34,42
"206","1500000US080310035004",80310035004,"Block Group 4, Census Tract 35, Denver County, Colorado",1111,394,925,397,67,63,29,34,0,11,0,11,90,125,0,11,0,11,0,11
"207","1500000US080310035005",80310035005,"Block Group 5, Census Tract 35, Denver County, Colorado",1831,401,1408,401,190,69,12,16,0,11,0,11,203,180,18,28,0,11,18,28
"208","1500000US080310036011",80310036011,"Block Group 1, Census Tract 36.01, Denver County, Colorado",1167,236,964,212,43,42,3,6,17,27,0,11,63,59,77,59,33,40,44,44
"209","1500000US080310036012",80310036012,"Block Group 2, Census Tract 36.01, Denver County, Colorado",690,194,377,126,168,94,0,11,9,14,0,11,112,143,24,23,0,11,24,23
"210","1500000US080310036013",80310036013,"Block Group 3, Census Tract 36.01, Denver County, Colorado",1676,313,1140,285,240,143,0,11,6,10,0,11,234,148,56,45,9,14,47,43
"211","1500000US080310036014",80310036014,"Block Group 4, Census Tract 36.01, Denver County, Colorado",467,238,285,219,145,96,0,11,0,11,0,11,11,18,26,32,0,11,26,32
"212","1500000US080310036015",80310036015,"Block Group 5, Census Tract 36.01, Denver County, Colorado",549,271,242,115,138,85,0,11,0,11,0,11,169,259,0,11,0,11,0,11
"213","1500000US080310036021",80310036021,"Block Group 1, Census Tract 36.02, Denver County, Colorado",1365,372,1197,379,141,94,0,11,0,11,0,11,27,43,0,11,0,11,0,11
"214","1500000US080310036022",80310036022,"Block Group 2, Census Tract 36.02, Denver County, Colorado",542,196,158,92,173,96,0,11,0,11,0,11,203,215,8,13,0,11,8,13
"215","1500000US080310036023",80310036023,"Block Group 3, Census Tract 36.02, Denver County, Colorado",527,224,408,223,82,60,0,11,14,23,0,11,6,10,17,20,0,11,17,20
"216","1500000US080310036024",80310036024,"Block Group 4, Census Tract 36.02, Denver County, Colorado",1061,359,700,287,284,255,22,34,0,11,0,11,32,26,23,32,0,11,23,32
"217","1500000US080310036025",80310036025,"Block Group 5, Census Tract 36.02, Denver County, Colorado",1099,384,463,196,396,242,20,31,52,84,0,11,103,166,65,64,0,11,65,64
"218","1500000US080310036031",80310036031,"Block Group 1, Census Tract 36.03, Denver County, Colorado",1341,314,519,261,658,232,0,11,0,11,0,11,112,75,52,45,10,18,42,41
"219","1500000US080310036032",80310036032,"Block Group 2, Census Tract 36.03, Denver County, Colorado",1795,331,1050,255,647,179,0,11,0,11,0,11,43,83,55,74,0,11,55,74
"220","1500000US080310037011",80310037011,"Block Group 1, Census Tract 37.01, Denver County, Colorado",1637,293,1415,292,182,162,0,11,17,20,0,11,8,19,15,18,0,11,15,18
"221","1500000US080310037012",80310037012,"Block Group 2, Census Tract 37.01, Denver County, Colorado",1757,245,1511,237,90,69,6,8,98,78,0,11,3,8,49,40,25,28,24,30
"222","1500000US080310037021",80310037021,"Block Group 1, Census Tract 37.02, Denver County, Colorado",1801,432,1692,438,88,76,0,11,0,11,0,11,21,36,0,11,0,11,0,11
"223","1500000US080310037022",80310037022,"Block Group 2, Census Tract 37.02, Denver County, Colorado",817,269,662,255,135,113,0,11,0,11,0,11,0,11,20,33,0,11,20,33
"224","1500000US080310037023",80310037023,"Block Group 3, Census Tract 37.02, Denver County, Colorado",959,218,852,218,68,58,0,11,0,11,0,11,0,11,39,44,0,11,39,44
"225","1500000US080310037024",80310037024,"Block Group 4, Census Tract 37.02, Denver County, Colorado",1263,342,934,312,68,75,18,27,17,26,0,11,19,29,207,153,111,125,96,90
"226","1500000US080310037031",80310037031,"Block Group 1, Census Tract 37.03, Denver County, Colorado",1400,218,1110,182,64,47,31,34,21,20,0,11,59,85,115,70,17,26,98,64
"227","1500000US080310037032",80310037032,"Block Group 2, Census Tract 37.03, Denver County, Colorado",1693,170,1513,195,106,79,0,11,18,29,0,11,8,12,48,39,0,11,48,39
"228","1500000US080310038001",80310038001,"Block Group 1, Census Tract 38, Denver County, Colorado",1039,251,944,253,46,70,0,11,34,56,0,11,0,11,15,25,0,11,15,25
"229","1500000US080310038002",80310038002,"Block Group 2, Census Tract 38, Denver County, Colorado",488,135,473,133,0,11,0,11,15,24,0,11,0,11,0,11,0,11,0,11
"230","1500000US080310038003",80310038003,"Block Group 3, Census Tract 38, Denver County, Colorado",1899,419,1686,413,35,40,0,11,101,104,0,11,19,30,58,54,0,11,58,54
"231","1500000US080310038004",80310038004,"Block Group 4, Census Tract 38, Denver County, Colorado",1775,309,1691,320,13,21,0,11,41,40,0,11,30,34,0,11,0,11,0,11
"232","1500000US080310038005",80310038005,"Block Group 5, Census Tract 38, Denver County, Colorado",1487,353,1319,347,0,11,0,11,17,27,0,11,0,11,151,147,14,23,137,136
"233","1500000US080310039011",80310039011,"Block Group 1, Census Tract 39.01, Denver County, Colorado",2046,368,1998,366,17,27,0,11,31,36,0,11,0,11,0,11,0,11,0,11
"234","1500000US080310039012",80310039012,"Block Group 2, Census Tract 39.01, Denver County, Colorado",985,264,953,266,16,26,0,11,16,26,0,11,0,11,0,11,0,11,0,11
"235","1500000US080310039013",80310039013,"Block Group 3, Census Tract 39.01, Denver County, Colorado",1566,268,1522,263,44,46,0,11,0,11,0,11,0,11,0,11,0,11,0,11
"236","1500000US080310039021",80310039021,"Block Group 1, Census Tract 39.02, Denver County, Colorado",1333,217,1297,223,0,11,0,11,20,23,0,11,0,11,16,25,0,11,16,25
"237","1500000US080310039022",80310039022,"Block Group 2, Census Tract 39.02, Denver County, Colorado",1983,380,1836,365,18,22,13,20,15,16,0,11,76,73,25,29,0,11,25,29
"238","1500000US080310039023",80310039023,"Block Group 3, Census Tract 39.02, Denver County, Colorado",1367,274,1199,269,29,45,0,11,32,29,0,11,40,49,67,64,0,11,67,64
"239","1500000US080310040021",80310040021,"Block Group 1, Census Tract 40.02, Denver County, Colorado",831,155,731,165,12,21,0,11,45,31,0,11,0,11,43,43,0,11,43,43
"240","1500000US080310040022",80310040022,"Block Group 2, Census Tract 40.02, Denver County, Colorado",831,179,818,178,13,17,0,11,0,11,0,11,0,11,0,11,0,11,0,11
"241","1500000US080310040023",80310040023,"Block Group 3, Census Tract 40.02, Denver County, Colorado",768,142,729,140,0,11,0,11,2,8,0,11,7,11,30,38,0,11,30,38
"242","1500000US080310040024",80310040024,"Block Group 4, Census Tract 40.02, Denver County, Colorado",987,200,902,153,0,11,0,11,11,17,0,11,0,11,74,94,0,11,74,94
"243","1500000US080310040031",80310040031,"Block Group 1, Census Tract 40.03, Denver County, Colorado",1166,195,1050,198,0,11,12,19,47,41,0,11,0,11,57,37,0,11,57,37
"244","1500000US080310040032",80310040032,"Block Group 2, Census Tract 40.03, Denver County, Colorado",1381,380,1018,196,182,201,0,11,0,11,0,11,11,17,170,135,21,36,149,122
"245","1500000US080310040033",80310040033,"Block Group 3, Census Tract 40.03, Denver County, Colorado",881,234,840,233,11,22,11,18,10,15,0,11,0,11,9,16,0,11,9,16
"246","1500000US080310040034",80310040034,"Block Group 4, Census Tract 40.03, Denver County, Colorado",915,264,878,263,0,11,11,19,15,17,0,11,0,11,11,17,0,11,11,17
"247","1500000US080310040041",80310040041,"Block Group 1, Census Tract 40.04, Denver County, Colorado",1868,110,1697,104,78,66,5,8,51,48,0,11,26,25,11,9,0,11,11,9
"248","1500000US080310040051",80310040051,"Block Group 1, Census Tract 40.05, Denver County, Colorado",1492,245,1201,219,33,33,21,25,95,65,0,11,73,64,69,81,0,11,69,81
"249","1500000US080310040052",80310040052,"Block Group 2, Census Tract 40.05, Denver County, Colorado",1577,296,1284,256,37,39,7,12,192,95,0,11,42,47,15,16,0,11,15,16
"250","1500000US080310040061",80310040061,"Block Group 1, Census Tract 40.06, Denver County, Colorado",1131,223,1032,206,47,68,0,11,15,23,0,11,1,3,36,54,36,54,0,11
"251","1500000US080310040062",80310040062,"Block Group 2, Census Tract 40.06, Denver County, Colorado",1420,320,1172,283,4,11,9,14,170,128,2,5,44,62,19,21,0,11,19,21
"252","1500000US080310040063",80310040063,"Block Group 3, Census Tract 40.06, Denver County, Colorado",1202,292,1015,234,0,11,0,11,187,176,0,11,0,11,0,11,0,11,0,11
"253","1500000US080310040064",80310040064,"Block Group 4, Census Tract 40.06, Denver County, Colorado",913,327,830,322,0,11,0,11,9,11,0,11,0,11,74,111,0,11,74,111
"254","1500000US080310041011",80310041011,"Block Group 1, Census Tract 41.01, Denver County, Colorado",1979,442,1206,404,468,152,52,50,16,20,0,11,20,33,217,180,0,11,217,180
"255","1500000US080310041012",80310041012,"Block Group 2, Census Tract 41.01, Denver County, Colorado",1500,399,484,226,767,199,37,44,0,11,0,11,11,18,201,282,0,11,201,282
"256","1500000US080310041013",80310041013,"Block Group 3, Census Tract 41.01, Denver County, Colorado",959,239,424,187,466,224,25,39,24,37,0,11,15,25,5,8,0,11,5,8
"257","1500000US080310041021",80310041021,"Block Group 1, Census Tract 41.02, Denver County, Colorado",1487,398,830,322,429,176,3,6,80,97,26,58,52,82,67,67,0,11,67,67
"258","1500000US080310041022",80310041022,"Block Group 2, Census Tract 41.02, Denver County, Colorado",1029,346,395,202,513,276,0,11,0,11,0,11,89,111,32,38,0,11,32,38
"259","1500000US080310041023",80310041023,"Block Group 3, Census Tract 41.02, Denver County, Colorado",969,279,455,221,479,156,0,11,0,11,0,11,0,11,35,54,0,11,35,54
"260","1500000US080310041024",80310041024,"Block Group 4, Census Tract 41.02, Denver County, Colorado",1284,384,284,171,923,409,0,11,13,19,0,11,0,11,64,43,0,11,64,43
"261","1500000US080310041031",80310041031,"Block Group 1, Census Tract 41.03, Denver County, Colorado",1158,349,416,251,352,198,0,11,0,11,0,11,390,251,0,11,0,11,0,11
"262","1500000US080310041032",80310041032,"Block Group 2, Census Tract 41.03, Denver County, Colorado",802,215,459,188,331,200,0,11,0,11,0,11,0,11,12,19,0,11,12,19
"263","1500000US080310041033",80310041033,"Block Group 3, Census Tract 41.03, Denver County, Colorado",957,214,746,205,151,115,0,11,42,63,0,11,0,11,18,31,0,11,18,31
"264","1500000US080310041034",80310041034,"Block Group 4, Census Tract 41.03, Denver County, Colorado",874,193,676,183,115,96,0,11,13,22,0,11,0,11,70,76,0,11,70,76
"265","1500000US080310041035",80310041035,"Block Group 5, Census Tract 41.03, Denver County, Colorado",984,347,552,170,291,229,0,11,10,17,0,11,97,137,34,54,0,11,34,54
"266","1500000US080310041036",80310041036,"Block Group 6, Census Tract 41.03, Denver County, Colorado",825,290,623,270,162,88,0,11,0,11,0,11,0,11,40,58,0,11,40,58
"267","1500000US080310041041",80310041041,"Block Group 1, Census Tract 41.04, Denver County, Colorado",996,338,624,280,192,145,98,122,0,11,0,11,63,94,19,21,7,11,12,19
"268","1500000US080310041042",80310041042,"Block Group 2, Census Tract 41.04, Denver County, Colorado",1001,305,407,173,544,298,0,11,0,11,0,11,0,11,50,65,0,11,50,65
"269","1500000US080310041043",80310041043,"Block Group 3, Census Tract 41.04, Denver County, Colorado",891,288,525,230,285,193,0,11,12,21,0,11,15,22,54,85,0,11,54,85
"270","1500000US080310041044",80310041044,"Block Group 4, Census Tract 41.04, Denver County, Colorado",475,214,328,113,6,11,0,11,4,9,0,11,128,196,9,16,0,11,9,16
"271","1500000US080310041045",80310041045,"Block Group 5, Census Tract 41.04, Denver County, Colorado",767,244,469,221,254,139,0,11,18,19,0,11,0,11,26,32,0,11,26,32
"272","1500000US080310041046",80310041046,"Block Group 6, Census Tract 41.04, Denver County, Colorado",609,205,73,63,412,165,0,11,9,14,0,11,35,46,80,73,0,11,80,73
"273","1500000US080310041061",80310041061,"Block Group 1, Census Tract 41.06, Denver County, Colorado",12563,631,10340,619,915,239,121,67,388,138,0,18,97,98,702,277,0,18,702,277
"274","1500000US080310041071",80310041071,"Block Group 1, Census Tract 41.07, Denver County, Colorado",6937,414,5658,402,586,203,13,21,191,84,0,16,78,75,411,154,0,16,411,154
"275","1500000US080310042011",80310042011,"Block Group 1, Census Tract 42.01, Denver County, Colorado",1204,280,1039,207,130,193,0,11,0,11,0,11,0,11,35,32,0,11,35,32
"276","1500000US080310042012",80310042012,"Block Group 2, Census Tract 42.01, Denver County, Colorado",713,182,658,181,31,47,9,14,15,18,0,11,0,11,0,11,0,11,0,11
"277","1500000US080310042013",80310042013,"Block Group 3, Census Tract 42.01, Denver County, Colorado",722,147,703,144,11,18,0,11,0,11,0,11,0,11,8,15,0,11,8,15
"278","1500000US080310042014",80310042014,"Block Group 4, Census Tract 42.01, Denver County, Colorado",837,251,743,224,39,42,6,8,49,54,0,11,0,11,0,11,0,11,0,11
"279","1500000US080310042015",80310042015,"Block Group 5, Census Tract 42.01, Denver County, Colorado",735,153,669,129,8,12,18,29,12,18,0,11,0,11,28,45,0,11,28,45
"280","1500000US080310042016",80310042016,"Block Group 6, Census Tract 42.01, Denver County, Colorado",558,118,473,101,48,54,0,11,5,8,0,11,0,11,32,48,0,11,32,48
"281","1500000US080310042021",80310042021,"Block Group 1, Census Tract 42.02, Denver County, Colorado",743,353,476,326,213,154,0,11,33,51,0,11,21,33,0,11,0,11,0,11
"282","1500000US080310042022",80310042022,"Block Group 2, Census Tract 42.02, Denver County, Colorado",778,174,706,174,29,26,19,30,7,10,0,11,0,11,17,20,0,11,17,20
"283","1500000US080310042023",80310042023,"Block Group 3, Census Tract 42.02, Denver County, Colorado",1671,241,1274,193,245,141,13,26,42,45,4,7,20,22,73,56,7,9,66,57
"284","1500000US080310042024",80310042024,"Block Group 4, Census Tract 42.02, Denver County, Colorado",617,132,587,122,8,13,0,11,12,17,0,11,0,11,10,16,0,11,10,16
"285","1500000US080310042025",80310042025,"Block Group 5, Census Tract 42.02, Denver County, Colorado",706,137,693,140,6,11,0,11,0,11,0,11,0,11,7,12,0,11,7,12
"286","1500000US080310043011",80310043011,"Block Group 1, Census Tract 43.01, Denver County, Colorado",1303,264,1105,256,69,53,0,11,72,60,0,11,0,11,57,46,0,11,57,46
"287","1500000US080310043012",80310043012,"Block Group 2, Census Tract 43.01, Denver County, Colorado",888,243,703,239,86,79,0,11,36,41,0,11,26,39,37,61,0,11,37,61
"288","1500000US080310043013",80310043013,"Block Group 3, Census Tract 43.01, Denver County, Colorado",947,260,797,260,0,11,17,27,99,131,0,11,0,11,34,36,0,11,34,36
"289","1500000US080310043014",80310043014,"Block Group 4, Census Tract 43.01, Denver County, Colorado",1402,246,1146,251,124,95,0,11,96,99,0,11,15,27,21,31,0,11,21,31
"290","1500000US080310043021",80310043021,"Block Group 1, Census Tract 43.02, Denver County, Colorado",762,170,724,168,14,23,0,11,0,11,0,11,15,24,9,18,0,11,9,18
"291","1500000US080310043022",80310043022,"Block Group 2, Census Tract 43.02, Denver County, Colorado",907,150,838,155,35,48,0,11,0,11,0,11,9,16,25,31,11,17,14,26
"292","1500000US080310043023",80310043023,"Block Group 3, Census Tract 43.02, Denver County, Colorado",750,195,663,183,28,36,12,18,21,30,0,11,0,11,26,30,0,11,26,30
"293","1500000US080310043031",80310043031,"Block Group 1, Census Tract 43.03, Denver County, Colorado",1578,267,1528,275,24,31,0,11,26,29,0,11,0,11,0,11,0,11,0,11
"294","1500000US080310043032",80310043032,"Block Group 2, Census Tract 43.03, Denver County, Colorado",1041,205,1014,200,0,11,7,11,0,11,0,11,0,11,20,30,0,11,20,30
"295","1500000US080310043033",80310043033,"Block Group 3, Census Tract 43.03, Denver County, Colorado",526,111,450,94,20,22,0,11,26,40,0,11,22,33,8,14,0,11,8,14
"296","1500000US080310043034",80310043034,"Block Group 4, Census Tract 43.03, Denver County, Colorado",909,220,873,220,0,11,0,11,0,11,0,11,36,57,0,11,0,11,0,11
"297","1500000US080310043041",80310043041,"Block Group 1, Census Tract 43.04, Denver County, Colorado",1186,299,1171,303,0,11,15,28,0,11,0,11,0,11,0,11,0,11,0,11
"298","1500000US080310043042",80310043042,"Block Group 2, Census Tract 43.04, Denver County, Colorado",1148,282,1050,254,90,123,0,11,0,11,0,11,7,17,1,2,0,11,1,2
"299","1500000US080310043043",80310043043,"Block Group 3, Census Tract 43.04, Denver County, Colorado",1812,315,1486,269,112,111,0,11,20,31,0,11,125,109,69,73,6,12,63,72
"300","1500000US080310043044",80310043044,"Block Group 4, Census Tract 43.04, Denver County, Colorado",1739,352,1380,341,72,93,0,11,104,94,0,11,81,125,102,98,0,11,102,98
"301","1500000US080310043061",80310043061,"Block Group 1, Census Tract 43.06, Denver County, Colorado",458,183,437,183,0,11,0,11,21,33,0,11,0,11,0,11,0,11,0,11
"302","1500000US080310043062",80310043062,"Block Group 2, Census Tract 43.06, Denver County, Colorado",821,260,701,277,15,24,0,11,30,34,0,11,0,11,75,71,0,11,75,71
"303","1500000US080310043063",80310043063,"Block Group 3, Census Tract 43.06, Denver County, Colorado",1816,368,1420,392,263,180,0,11,65,77,0,11,0,11,68,66,35,54,33,37
"304","1500000US080310043064",80310043064,"Block Group 4, Census Tract 43.06, Denver County, Colorado",851,212,761,214,13,21,37,38,0,11,0,11,0,11,40,64,0,11,40,64
"305","1500000US080310043065",80310043065,"Block Group 5, Census Tract 43.06, Denver County, Colorado",1311,313,1311,313,0,11,0,11,0,11,0,11,0,11,0,11,0,11,0,11
"306","1500000US080310044031",80310044031,"Block Group 1, Census Tract 44.03, Denver County, Colorado",753,203,653,191,39,107,0,11,0,11,0,11,26,36,35,44,0,11,35,44
"307","1500000US080310044032",80310044032,"Block Group 2, Census Tract 44.03, Denver County, Colorado",2283,367,1364,316,581,195,46,51,10,14,0,11,213,209,69,59,37,35,32,46
"308","1500000US080310044033",80310044033,"Block Group 3, Census Tract 44.03, Denver County, Colorado",1500,259,990,240,323,118,32,36,56,37,0,11,40,63,59,38,11,14,48,38
"309","1500000US080310044041",80310044041,"Block Group 1, Census Tract 44.04, Denver County, Colorado",1693,612,1140,398,356,555,18,26,70,77,0,11,0,11,109,119,0,11,109,119
"310","1500000US080310044042",80310044042,"Block Group 2, Census Tract 44.04, Denver County, Colorado",2743,517,1055,312,1241,372,55,59,241,307,0,11,40,48,111,82,35,43,76,69
"311","1500000US080310044043",80310044043,"Block Group 3, Census Tract 44.04, Denver County, Colorado",1982,494,920,404,182,126,0,11,751,445,0,11,73,115,56,69,0,11,56,69
"312","1500000US080310044051",80310044051,"Block Group 1, Census Tract 44.05, Denver County, Colorado",1560,436,1453,435,0,11,0,11,83,64,0,11,12,20,12,22,0,11,12,22
"313","1500000US080310044052",80310044052,"Block Group 2, Census Tract 44.05, Denver County, Colorado",1293,289,1040,278,45,54,0,11,29,33,0,11,113,113,66,73,0,11,66,73
"314","1500000US080310044053",80310044053,"Block Group 3, Census Tract 44.05, Denver County, Colorado",1212,331,946,267,153,205,5,10,37,49,0,11,0,11,71,39,0,11,71,39
"315","1500000US080310044054",80310044054,"Block Group 4, Census Tract 44.05, Denver County, Colorado",4187,462,3217,430,364,258,11,19,214,238,0,11,290,267,91,79,13,33,78,67
"316","1500000US080310045031",80310045031,"Block Group 1, Census Tract 45.03, Denver County, Colorado",1399,463,1182,416,16,27,46,71,0,11,0,11,127,154,28,38,21,35,7,13
"317","1500000US080310045032",80310045032,"Block Group 2, Census Tract 45.03, Denver County, Colorado",1391,636,1178,647,0,11,0,11,114,123,0,11,85,102,14,13,0,11,14,13
"318","1500000US080310045033",80310045033,"Block Group 3, Census Tract 45.03, Denver County, Colorado",1295,424,1104,393,0,11,0,11,0,11,0,11,183,204,8,11,8,11,0,11
"319","1500000US080310045041",80310045041,"Block Group 1, Census Tract 45.04, Denver County, Colorado",1488,271,1086,271,0,11,17,27,139,130,0,11,246,167,0,11,0,11,0,11
"320","1500000US080310045042",80310045042,"Block Group 2, Census Tract 45.04, Denver County, Colorado",2025,466,1504,448,7,12,165,175,7,11,0,11,291,264,51,60,7,10,44,59
"321","1500000US080310045043",80310045043,"Block Group 3, Census Tract 45.04, Denver County, Colorado",993,260,746,259,76,115,18,31,0,11,0,11,93,74,60,83,52,82,8,12
"322","1500000US080310045051",80310045051,"Block Group 1, Census Tract 45.05, Denver County, Colorado",2668,432,2415,435,99,156,6,11,0,11,0,11,112,92,36,43,17,28,19,32
"323","1500000US080310045052",80310045052,"Block Group 2, Census Tract 45.05, Denver County, Colorado",750,382,745,383,0,11,5,8,0,11,0,11,0,11,0,11,0,11,0,11
"324","1500000US080310045053",80310045053,"Block Group 3, Census Tract 45.05, Denver County, Colorado",1188,442,988,408,6,13,2,4,51,58,0,11,28,37,113,132,0,11,113,132
"325","1500000US080310045061",80310045061,"Block Group 1, Census Tract 45.06, Denver County, Colorado",849,257,693,237,110,109,0,11,0,11,0,11,28,28,18,22,0,11,18,22
"326","1500000US080310045062",80310045062,"Block Group 2, Census Tract 45.06, Denver County, Colorado",1424,308,1133,293,10,10,11,16,165,95,0,11,105,93,0,11,0,11,0,11
"327","1500000US080310045063",80310045063,"Block Group 3, Census Tract 45.06, Denver County, Colorado",1448,294,813,268,183,139,47,40,157,69,0,11,98,112,150,105,114,101,36,37
"328","1500000US080310046011",80310046011,"Block Group 1, Census Tract 46.01, Denver County, Colorado",1186,357,1083,358,24,36,37,50,0,11,0,11,25,28,17,19,0,11,17,19
"329","1500000US080310046012",80310046012,"Block Group 2, Census Tract 46.01, Denver County, Colorado",1479,389,1443,390,0,11,0,11,7,12,0,11,29,32,0,11,0,11,0,11
"330","1500000US080310046013",80310046013,"Block Group 3, Census Tract 46.01, Denver County, Colorado",1929,527,1372,348,50,77,44,61,123,144,0,11,320,366,20,33,0,11,20,33
"331","1500000US080310046014",80310046014,"Block Group 4, Census Tract 46.01, Denver County, Colorado",1010,349,907,329,0,11,0,11,18,28,0,11,56,44,29,46,29,46,0,11
"332","1500000US080310046021",80310046021,"Block Group 1, Census Tract 46.02, Denver County, Colorado",2551,838,1897,911,15,17,103,96,173,185,0,11,259,242,104,153,0,11,104,153
"333","1500000US080310046022",80310046022,"Block Group 2, Census Tract 46.02, Denver County, Colorado",3144,745,1934,653,151,143,203,315,109,68,0,11,473,490,274,356,231,350,43,58
"334","1500000US080310046023",80310046023,"Block Group 3, Census Tract 46.02, Denver County, Colorado",1306,382,893,364,0,11,47,74,16,27,0,11,329,315,21,34,0,11,21,34
"335","1500000US080310046024",80310046024,"Block Group 4, Census Tract 46.02, Denver County, Colorado",1416,679,1329,690,0,11,0,11,27,48,0,11,42,73,18,32,0,11,18,32
"336","1500000US080310046031",80310046031,"Block Group 1, Census Tract 46.03, Denver County, Colorado",1186,469,848,395,92,146,0,11,41,66,0,11,205,234,0,11,0,11,0,11
"337","1500000US080310046032",80310046032,"Block Group 2, Census Tract 46.03, Denver County, Colorado",838,286,637,230,1,3,0,11,1,4,0,11,189,244,10,15,0,11,10,15
"338","1500000US080310046033",80310046033,"Block Group 3, Census Tract 46.03, Denver County, Colorado",1088,306,872,302,0,11,87,134,20,33,0,11,76,72,33,31,7,11,26,30
"339","1500000US080310046034",80310046034,"Block Group 4, Census Tract 46.03, Denver County, Colorado",1666,383,1225,377,79,121,13,20,0,11,0,11,304,352,45,49,0,11,45,49
"340","1500000US080310046035",80310046035,"Block Group 5, Census Tract 46.03, Denver County, Colorado",1200,389,798,338,43,57,0,11,137,115,0,11,130,102,92,72,82,63,10,15
"341","1500000US080310047001",80310047001,"Block Group 1, Census Tract 47, Denver County, Colorado",552,280,429,256,12,21,0,11,85,95,0,11,0,11,26,49,0,11,26,49
"342","1500000US080310047002",80310047002,"Block Group 2, Census Tract 47, Denver County, Colorado",724,275,380,167,0,11,18,30,312,221,0,11,0,11,14,22,0,11,14,22
"343","1500000US080310047003",80310047003,"Block Group 3, Census Tract 47, Denver County, Colorado",853,497,790,473,0,11,0,11,52,94,0,11,0,11,11,20,0,11,11,20
"344","1500000US080310047004",80310047004,"Block Group 4, Census Tract 47, Denver County, Colorado",485,258,264,106,0,11,0,11,0,11,0,11,210,248,11,21,0,11,11,21
"345","1500000US080310047005",80310047005,"Block Group 5, Census Tract 47, Denver County, Colorado",1554,557,1252,525,0,11,173,203,28,48,0,11,55,94,46,81,46,81,0,11
"346","1500000US080310047006",80310047006,"Block Group 6, Census Tract 47, Denver County, Colorado",2614,724,2143,794,3,7,0,11,63,104,0,11,364,335,41,62,0,11,41,62
"347","1500000US080310048011",80310048011,"Block Group 1, Census Tract 48.01, Denver County, Colorado",922,205,828,206,0,11,0,11,0,11,0,11,88,74,6,11,0,11,6,11
"348","1500000US080310048012",80310048012,"Block Group 2, Census Tract 48.01, Denver County, Colorado",1695,404,1127,322,0,11,0,11,234,239,0,11,327,282,7,11,0,11,7,11
"349","1500000US080310048013",80310048013,"Block Group 3, Census Tract 48.01, Denver County, Colorado",604,235,577,245,0,11,16,24,0,11,0,11,11,17,0,11,0,11,0,11
"350","1500000US080310050011",80310050011,"Block Group 1, Census Tract 50.01, Denver County, Colorado",1950,367,1135,207,399,295,0,11,113,98,0,11,177,152,126,84,0,11,126,84
"351","1500000US080310050012",80310050012,"Block Group 2, Census Tract 50.01, Denver County, Colorado",1089,182,821,161,138,118,0,11,11,18,0,11,0,11,119,93,0,11,119,93
"352","1500000US080310050021",80310050021,"Block Group 1, Census Tract 50.02, Denver County, Colorado",770,210,494,187,210,116,2,5,19,25,0,11,0,11,45,61,9,19,36,56
"353","1500000US080310050022",80310050022,"Block Group 2, Census Tract 50.02, Denver County, Colorado",918,193,645,179,75,67,19,32,124,109,0,11,11,17,44,43,19,31,25,29
"354","1500000US080310050023",80310050023,"Block Group 3, Census Tract 50.02, Denver County, Colorado",1817,345,1011,300,432,266,127,171,46,56,0,11,145,163,56,64,13,24,43,60
"355","1500000US080310050024",80310050024,"Block Group 4, Census Tract 50.02, Denver County, Colorado",2880,626,1241,370,709,341,209,339,364,256,0,11,191,203,166,157,96,148,70,77
"356","1500000US080310050025",80310050025,"Block Group 5, Census Tract 50.02, Denver County, Colorado",794,213,416,160,116,91,0,11,0,11,0,11,141,162,121,89,41,61,80,95
"357","1500000US080310051021",80310051021,"Block Group 1, Census Tract 51.02, Denver County, Colorado",683,248,626,251,27,43,0,11,15,24,0,11,0,11,15,24,0,11,15,24
"358","1500000US080310051022",80310051022,"Block Group 2, Census Tract 51.02, Denver County, Colorado",583,129,574,129,0,11,0,11,9,14,0,11,0,11,0,11,0,11,0,11
"359","1500000US080310051023",80310051023,"Block Group 3, Census Tract 51.02, Denver County, Colorado",1300,262,1207,238,31,29,0,11,22,26,0,11,31,48,9,14,0,11,9,14
"360","1500000US080310051024",80310051024,"Block Group 4, Census Tract 51.02, Denver County, Colorado",1170,449,964,442,27,30,27,40,0,11,0,11,152,127,0,11,0,11,0,11
"361","1500000US080310051041",80310051041,"Block Group 1, Census Tract 51.04, Denver County, Colorado",2003,366,1439,253,214,263,0,11,63,51,0,11,198,163,89,83,52,81,37,49
"362","1500000US080310051042",80310051042,"Block Group 2, Census Tract 51.04, Denver County, Colorado",1542,237,1104,194,144,145,20,25,141,138,0,11,19,26,114,80,0,11,114,80
"363","1500000US080310052001",80310052001,"Block Group 1, Census Tract 52, Denver County, Colorado",547,161,473,146,0,11,0,11,0,11,0,11,31,44,43,47,0,11,43,47
"364","1500000US080310052002",80310052002,"Block Group 2, Census Tract 52, Denver County, Colorado",636,210,600,201,36,44,0,11,0,11,0,11,0,11,0,11,0,11,0,11
"365","1500000US080310052003",80310052003,"Block Group 3, Census Tract 52, Denver County, Colorado",1404,243,1259,233,61,68,0,11,43,58,0,11,7,11,34,34,10,16,24,29
"366","1500000US080310052004",80310052004,"Block Group 4, Census Tract 52, Denver County, Colorado",881,274,582,145,132,164,0,11,62,88,0,11,0,11,105,144,0,11,105,144
"367","1500000US080310053001",80310053001,"Block Group 1, Census Tract 53, Denver County, Colorado",1363,123,1116,141,160,85,0,11,44,34,0,11,6,10,37,29,0,11,37,29
"368","1500000US080310055021",80310055021,"Block Group 1, Census Tract 55.02, Denver County, Colorado",2048,189,1648,197,104,59,23,22,83,58,0,11,98,100,92,80,0,11,92,80
"369","1500000US080310055031",80310055031,"Block Group 1, Census Tract 55.03, Denver County, Colorado",741,203,491,112,0,11,20,30,117,109,0,11,22,33,91,137,91,137,0,11
"370","1500000US080310055032",80310055032,"Block Group 2, Census Tract 55.03, Denver County, Colorado",2395,483,2079,503,5,13,18,23,93,82,0,11,65,80,135,116,0,11,135,116
"371","1500000US080310055033",80310055033,"Block Group 3, Census Tract 55.03, Denver County, Colorado",1012,171,833,165,110,131,14,17,21,24,0,11,8,14,26,30,0,11,26,30
"372","1500000US080310055034",80310055034,"Block Group 4, Census Tract 55.03, Denver County, Colorado",727,195,500,153,91,106,8,12,0,11,31,47,97,86,0,11,0,11,0,11
"373","1500000US080310067011",80310067011,"Block Group 1, Census Tract 67.01, Denver County, Colorado",3231,252,2852,259,185,147,0,11,123,95,0,11,0,11,71,68,0,11,71,68
"374","1500000US080310068041",80310068041,"Block Group 1, Census Tract 68.04, Denver County, Colorado",796,161,652,131,24,30,5,9,115,157,0,11,0,11,0,11,0,11,0,11
"375","1500000US080310068042",80310068042,"Block Group 2, Census Tract 68.04, Denver County, Colorado",1627,221,1463,196,13,20,0,11,111,136,0,11,29,48,11,17,0,11,11,17
"376","1500000US080310068091",80310068091,"Block Group 1, Census Tract 68.09, Denver County, Colorado",839,278,756,264,3,5,0,11,80,111,0,11,0,11,0,11,0,11,0,11
"377","1500000US080310068092",80310068092,"Block Group 2, Census Tract 68.09, Denver County, Colorado",2573,645,1800,395,177,299,0,11,103,94,0,11,493,132,0,11,0,11,0,11
"378","1500000US080310068093",80310068093,"Block Group 3, Census Tract 68.09, Denver County, Colorado",1267,480,870,474,318,108,0,11,0,11,14,25,0,11,65,127,0,11,65,127
"379","1500000US080310068094",80310068094,"Block Group 4, Census Tract 68.09, Denver County, Colorado",1066,269,837,230,60,66,0,11,23,34,0,11,125,164,21,33,0,11,21,33
"380","1500000US080310068095",80310068095,"Block Group 5, Census Tract 68.09, Denver County, Colorado",911,230,663,202,34,39,15,24,163,113,0,11,0,11,36,41,0,11,36,41
"381","1500000US080310068096",80310068096,"Block Group 6, Census Tract 68.09, Denver County, Colorado",669,244,651,243,0,11,0,11,18,28,0,11,0,11,0,11,0,11,0,11
"382","1500000US080310068101",80310068101,"Block Group 1, Census Tract 68.10, Denver County, Colorado",1118,264,841,209,128,110,0,11,23,38,0,11,0,11,126,142,0,11,126,142
"383","1500000US080310068102",80310068102,"Block Group 2, Census Tract 68.10, Denver County, Colorado",1900,371,1218,366,456,257,0,11,105,144,0,11,0,11,121,115,0,11,121,115
"384","1500000US080310068103",80310068103,"Block Group 3, Census Tract 68.10, Denver County, Colorado",721,241,721,241,0,11,0,11,0,11,0,11,0,11,0,11,0,11,0,11
"385","1500000US080310068104",80310068104,"Block Group 4, Census Tract 68.10, Denver County, Colorado",1844,357,1486,272,259,234,0,11,16,26,0,11,83,101,0,11,0,11,0,11
"386","1500000US080310068111",80310068111,"Block Group 1, Census Tract 68.11, Denver County, Colorado",2250,380,1734,361,360,94,0,11,68,66,0,11,0,11,88,95,0,11,88,95
"387","1500000US080310068112",80310068112,"Block Group 2, Census Tract 68.11, Denver County, Colorado",579,267,409,175,27,36,0,11,0,11,0,11,0,11,143,226,0,11,143,226
"388","1500000US080310068113",80310068113,"Block Group 3, Census Tract 68.11, Denver County, Colorado",1863,374,1117,285,256,176,0,11,299,223,0,11,101,114,90,95,49,77,41,52
"389","1500000US080310068114",80310068114,"Block Group 4, Census Tract 68.11, Denver County, Colorado",1498,424,1010,273,174,174,152,237,102,95,0,11,41,64,19,29,0,11,19,29
"390","1500000US080310068121",80310068121,"Block Group 1, Census Tract 68.12, Denver County, Colorado",1742,271,1628,266,7,13,4,7,23,26,0,11,48,44,32,31,0,11,32,31
"391","1500000US080310068122",80310068122,"Block Group 2, Census Tract 68.12, Denver County, Colorado",1309,177,1154,157,42,36,0,11,55,57,25,41,0,11,33,50,0,11,33,50
"392","1500000US080310068123",80310068123,"Block Group 3, Census Tract 68.12, Denver County, Colorado",813,185,625,167,41,40,0,11,61,64,0,11,27,40,59,43,0,11,59,43
"393","1500000US080310068131",80310068131,"Block Group 1, Census Tract 68.13, Denver County, Colorado",1032,281,903,250,120,146,0,11,0,11,0,11,9,19,0,11,0,11,0,11
"394","1500000US080310068132",80310068132,"Block Group 2, Census Tract 68.13, Denver County, Colorado",1664,486,1102,415,465,204,0,11,81,92,0,11,0,11,16,27,0,11,16,27
"395","1500000US080310068133",80310068133,"Block Group 3, Census Tract 68.13, Denver County, Colorado",1562,406,862,250,509,329,0,11,32,36,0,11,96,130,63,92,0,11,63,92
"396","1500000US080310068141",80310068141,"Block Group 1, Census Tract 68.14, Denver County, Colorado",454,163,419,141,21,37,0,11,0,11,8,22,6,15,0,11,0,11,0,11
"397","1500000US080310068142",80310068142,"Block Group 2, Census Tract 68.14, Denver County, Colorado",1239,317,596,272,397,229,0,11,52,77,0,11,179,240,15,25,0,11,15,25
"398","1500000US080310068143",80310068143,"Block Group 3, Census Tract 68.14, Denver County, Colorado",2081,499,1303,336,487,439,24,42,51,78,0,11,200,282,16,31,0,11,16,31
"399","1500000US080310068144",80310068144,"Block Group 4, Census Tract 68.14, Denver County, Colorado",702,222,594,186,0,11,0,11,56,64,0,11,52,95,0,11,0,11,0,11
"400","1500000US080310069011",80310069011,"Block Group 1, Census Tract 69.01, Denver County, Colorado",2266,561,1042,350,391,191,0,11,32,20,0,11,706,422,95,85,35,46,60,73
"401","1500000US080310069012",80310069012,"Block Group 2, Census Tract 69.01, Denver County, Colorado",1391,312,1002,247,72,48,0,11,20,26,0,11,173,163,124,134,0,11,124,134
"402","1500000US080310069013",80310069013,"Block Group 3, Census Tract 69.01, Denver County, Colorado",601,157,442,127,0,11,47,56,0,11,0,11,35,57,77,79,0,11,77,79
"403","1500000US080310069014",80310069014,"Block Group 4, Census Tract 69.01, Denver County, Colorado",847,339,531,211,239,295,65,113,12,20,0,11,0,11,0,11,0,11,0,11
"404","1500000US080310069015",80310069015,"Block Group 5, Census Tract 69.01, Denver County, Colorado",373,133,347,149,26,43,0,11,0,11,0,11,0,11,0,11,0,11,0,11
"405","1500000US080310070061",80310070061,"Block Group 1, Census Tract 70.06, Denver County, Colorado",2412,442,803,227,330,164,0,11,633,272,0,11,451,385,195,137,36,53,159,120
"406","1500000US080310070062",80310070062,"Block Group 2, Census Tract 70.06, Denver County, Colorado",2359,493,1518,483,370,244,0,11,88,153,0,11,305,156,78,119,0,11,78,119
"407","1500000US080310070131",80310070131,"Block Group 1, Census Tract 70.13, Denver County, Colorado",2455,291,1804,297,211,131,0,11,86,67,0,11,153,135,201,139,0,11,201,139
"408","1500000US080310070132",80310070132,"Block Group 2, Census Tract 70.13, Denver County, Colorado",1191,199,1045,182,76,72,0,11,7,14,0,11,17,26,46,45,0,11,46,45
"409","1500000US080310070371",80310070371,"Block Group 1, Census Tract 70.37, Denver County, Colorado",2663,450,1214,371,673,307,11,16,187,172,0,11,491,261,87,94,3,7,84,94
"410","1500000US080310070372",80310070372,"Block Group 2, Census Tract 70.37, Denver County, Colorado",945,330,313,91,472,297,23,35,10,15,0,11,124,149,3,11,0,11,3,11
"411","1500000US080310070373",80310070373,"Block Group 3, Census Tract 70.37, Denver County, Colorado",677,174,310,124,240,131,0,11,0,11,0,11,121,97,6,9,0,11,6,9
"412","1500000US080310070881",80310070881,"Block Group 1, Census Tract 70.88, Denver County, Colorado",1325,312,994,293,138,115,0,11,93,111,0,11,0,11,100,97,27,44,73,85
"413","1500000US080310070882",80310070882,"Block Group 2, Census Tract 70.88, Denver County, Colorado",912,361,472,280,235,129,30,49,0,11,0,11,95,155,80,125,0,11,80,125
"414","1500000US080310070883",80310070883,"Block Group 3, Census Tract 70.88, Denver County, Colorado",1326,228,1054,218,145,144,0,11,67,76,0,11,0,11,60,59,0,11,60,59
"415","1500000US080310070884",80310070884,"Block Group 4, Census Tract 70.88, Denver County, Colorado",1058,294,713,258,168,163,0,11,143,111,0,11,0,11,34,43,12,22,22,37
"416","1500000US080310070891",80310070891,"Block Group 1, Census Tract 70.89, Denver County, Colorado",408,99,393,99,15,23,0,11,0,11,0,11,0,11,0,11,0,11,0,11
"417","1500000US080310070892",80310070892,"Block Group 2, Census Tract 70.89, Denver County, Colorado",1185,212,1075,226,88,52,22,34,0,11,0,11,0,11,0,11,0,11,0,11
"418","1500000US080310070893",80310070893,"Block Group 3, Census Tract 70.89, Denver County, Colorado",1659,193,1462,196,150,78,0,11,32,39,0,11,15,25,0,11,0,11,0,11
"419","1500000US080310070894",80310070894,"Block Group 4, Census Tract 70.89, Denver County, Colorado",1523,326,838,159,471,313,0,11,132,128,50,121,0,11,32,51,0,11,32,51
"420","1500000US080310083041",80310083041,"Block Group 1, Census Tract 83.04, Denver County, Colorado",2092,392,1208,378,540,192,0,11,71,70,0,11,59,54,214,141,26,28,188,136
"421","1500000US080310083042",80310083042,"Block Group 2, Census Tract 83.04, Denver County, Colorado",1228,499,917,484,168,115,0,11,0,11,0,11,136,150,7,12,0,11,7,12
"422","1500000US080310083043",80310083043,"Block Group 3, Census Tract 83.04, Denver County, Colorado",794,237,544,222,194,87,0,11,20,30,0,11,10,14,26,38,26,38,0,11
"423","1500000US080310083051",80310083051,"Block Group 1, Census Tract 83.05, Denver County, Colorado",1486,306,1159,341,103,95,0,11,0,11,0,11,219,164,5,8,0,11,5,8
"424","1500000US080310083052",80310083052,"Block Group 2, Census Tract 83.05, Denver County, Colorado",1420,306,905,332,150,82,0,11,124,115,0,11,236,140,5,7,0,11,5,7
"425","1500000US080310083053",80310083053,"Block Group 3, Census Tract 83.05, Denver County, Colorado",1613,334,934,365,536,228,0,11,0,11,0,11,125,95,18,21,12,19,6,9
"426","1500000US080310083061",80310083061,"Block Group 1, Census Tract 83.06, Denver County, Colorado",811,464,215,167,467,419,0,11,29,37,0,11,69,73,31,25,0,11,31,25
"427","1500000US080310083062",80310083062,"Block Group 2, Census Tract 83.06, Denver County, Colorado",1607,434,703,318,721,362,0,11,67,60,0,11,116,137,0,11,0,11,0,11
"428","1500000US080310083063",80310083063,"Block Group 3, Census Tract 83.06, Denver County, Colorado",868,298,450,283,323,130,0,11,26,33,8,19,48,80,13,20,0,11,13,20
"429","1500000US080310083064",80310083064,"Block Group 4, Census Tract 83.06, Denver County, Colorado",3079,462,2117,434,454,202,16,25,12,19,0,11,417,206,63,50,16,26,47,43
"430","1500000US080310083121",80310083121,"Block Group 1, Census Tract 83.12, Denver County, Colorado",3281,696,2077,632,807,385,10,15,72,84,0,11,279,361,36,36,0,11,36,36
"431","1500000US080310083122",80310083122,"Block Group 2, Census Tract 83.12, Denver County, Colorado",2392,515,1337,486,657,262,0,11,32,54,0,11,87,113,279,251,11,18,268,250
"432","1500000US080310083123",80310083123,"Block Group 3, Census Tract 83.12, Denver County, Colorado",2361,642,1623,621,583,254,0,11,3,7,0,11,69,99,83,102,0,11,83,102
"433","1500000US080310083861",80310083861,"Block Group 1, Census Tract 83.86, Denver County, Colorado",2274,505,1613,484,557,245,0,11,6,10,0,11,87,83,11,20,0,11,11,20
"434","1500000US080310083862",80310083862,"Block Group 2, Census Tract 83.86, Denver County, Colorado",2631,569,1855,501,348,205,0,11,59,73,0,11,358,305,11,22,0,11,11,22
"435","1500000US080310083871",80310083871,"Block Group 1, Census Tract 83.87, Denver County, Colorado",3720,593,2549,530,864,317,0,11,64,85,7,11,93,133,143,126,40,38,103,115
"436","1500000US080310083872",80310083872,"Block Group 2, Census Tract 83.87, Denver County, Colorado",3308,672,2212,639,819,334,19,31,30,49,8,12,107,99,113,89,10,17,103,89
"437","1500000US080310083881",80310083881,"Block Group 1, Census Tract 83.88, Denver County, Colorado",7166,797,4455,750,1750,489,0,16,382,173,0,16,220,188,359,240,103,122,256,211
"438","1500000US080310083882",80310083882,"Block Group 2, Census Tract 83.88, Denver County, Colorado",1366,400,882,327,335,243,16,25,0,11,0,11,116,115,17,26,0,11,17,26
"439","1500000US080310083891",80310083891,"Block Group 1, Census Tract 83.89, Denver County, Colorado",1223,380,158,101,668,257,30,42,186,251,0,11,41,83,140,134,0,11,140,134
"440","1500000US080310083892",80310083892,"Block Group 2, Census Tract 83.89, Denver County, Colorado",2324,590,1085,365,763,422,0,11,145,130,0,11,137,134,194,164,107,131,87,94
"441","1500000US080310083893",80310083893,"Block Group 3, Census Tract 83.89, Denver County, Colorado",6675,913,3892,768,1905,531,62,73,514,225,0,16,174,143,128,97,0,16,128,97
"442","1500000US080310083901",80310083901,"Block Group 1, Census Tract 83.90, Denver County, Colorado",3246,756,1711,526,595,344,80,130,327,429,0,11,354,296,179,237,24,31,155,234
"443","1500000US080310083902",80310083902,"Block Group 2, Census Tract 83.90, Denver County, Colorado",3276,580,1240,393,1184,385,0,11,0,11,0,11,748,432,104,107,78,101,26,30
"444","1500000US080310083903",80310083903,"Block Group 3, Census Tract 83.90, Denver County, Colorado",2814,603,1827,605,693,296,0,11,131,223,16,32,47,78,100,120,0,11,100,120
"445","1500000US080310083911",80310083911,"Block Group 1, Census Tract 83.91, Denver County, Colorado",4412,774,1941,436,1514,659,16,28,232,216,0,11,421,320,288,197,29,37,259,192
"446","1500000US080310083912",80310083912,"Block Group 2, Census Tract 83.91, Denver County, Colorado",3538,665,1544,457,929,445,94,148,359,376,0,11,166,157,446,315,65,82,381,277
"447","1500000US080310119021",80310119021,"Block Group 1, Census Tract 119.02, Denver County, Colorado",2069,381,1929,392,0,11,0,11,0,11,0,11,32,40,108,182,108,182,0,11
"448","1500000US080310119022",80310119022,"Block Group 2, Census Tract 119.02, Denver County, Colorado",1416,461,773,278,234,316,167,241,71,112,0,11,125,188,46,96,46,96,0,11
"449","1500000US080310119023",80310119023,"Block Group 3, Census Tract 119.02, Denver County, Colorado",1745,565,1514,526,0,11,0,11,66,63,0,11,165,271,0,11,0,11,0,11
"450","1500000US080310119024",80310119024,"Block Group 4, Census Tract 119.02, Denver County, Colorado",1372,496,1006,408,217,289,95,147,0,11,0,11,40,50,14,29,0,11,14,29
"451","1500000US080310119031",80310119031,"Block Group 1, Census Tract 119.03, Denver County, Colorado",1519,168,1458,182,0,11,19,28,37,36,0,11,0,11,5,8,0,11,5,8
"452","1500000US080310119032",80310119032,"Block Group 2, Census Tract 119.03, Denver County, Colorado",864,124,780,128,0,11,6,8,57,57,0,11,21,26,0,11,0,11,0,11
"453","1500000US080310120011",80310120011,"Block Group 1, Census Tract 120.01, Denver County, Colorado",1435,167,1249,188,60,50,44,37,26,24,0,11,8,12,48,55,0,11,48,55
"454","1500000US080310120012",80310120012,"Block Group 2, Census Tract 120.01, Denver County, Colorado",651,111,567,92,0,11,0,11,51,54,0,11,0,11,33,44,0,11,33,44
"455","1500000US080310120101",80310120101,"Block Group 1, Census Tract 120.10, Denver County, Colorado",1967,204,1771,195,0,11,0,11,180,141,0,11,16,25,0,11,0,11,0,11
"456","1500000US080310120102",80310120102,"Block Group 2, Census Tract 120.10, Denver County, Colorado",1165,216,1049,216,0,11,0,11,34,54,0,11,32,52,50,57,0,11,50,57
"457","1500000US080310120103",80310120103,"Block Group 3, Census Tract 120.10, Denver County, Colorado",2022,269,1680,280,16,26,12,20,162,140,0,11,34,49,118,106,0,11,118,106
"458","1500000US080310120141",80310120141,"Block Group 1, Census Tract 120.14, Denver County, Colorado",1205,303,921,290,0,11,11,23,49,68,0,11,14,22,210,148,101,98,109,107
"459","1500000US080310120142",80310120142,"Block Group 2, Census Tract 120.14, Denver County, Colorado",2708,499,2292,493,0,11,0,11,204,191,0,11,20,32,192,164,0,11,192,164
"460","1500000US080310120143",80310120143,"Block Group 3, Census Tract 120.14, Denver County, Colorado",907,293,805,297,0,11,0,11,28,45,0,11,0,11,74,78,35,40,39,49
"461","1500000US080310120144",80310120144,"Block Group 4, Census Tract 120.14, Denver County, Colorado",1565,317,1535,315,0,11,14,22,0,11,0,11,0,11,16,26,16,26,0,11
"462","1500000US080310153001",80310153001,"Block Group 1, Census Tract 153, Denver County, Colorado",1529,344,1160,278,126,97,0,11,130,121,0,11,36,57,77,86,77,86,0,11
"463","1500000US080310153002",80310153002,"Block Group 2, Census Tract 153, Denver County, Colorado",1669,307,1331,259,57,70,23,29,16,24,0,11,100,97,142,117,42,69,100,87
"464","1500000US080310153003",80310153003,"Block Group 3, Census Tract 153, Denver County, Colorado",537,186,398,169,95,99,0,11,17,27,0,11,27,34,0,11,0,11,0,11
"465","1500000US080310154001",80310154001,"Block Group 1, Census Tract 154, Denver County, Colorado",1264,302,1109,317,20,33,0,11,11,17,0,11,88,119,36,42,12,17,24,38
"466","1500000US080310154002",80310154002,"Block Group 2, Census Tract 154, Denver County, Colorado",1025,190,989,189,10,16,0,11,0,11,0,11,26,40,0,11,0,11,0,11
"467","1500000US080310154003",80310154003,"Block Group 3, Census Tract 154, Denver County, Colorado",750,178,688,167,0,11,8,13,0,11,0,11,34,55,20,23,9,14,11,17
"468","1500000US080310154004",80310154004,"Block Group 4, Census Tract 154, Denver County, Colorado",1363,200,1216,189,16,19,12,19,39,28,5,14,27,42,48,40,7,14,41,38
"469","1500000US080310155001",80310155001,"Block Group 1, Census Tract 155, Denver County, Colorado",1349,330,1001,352,42,54,0,11,31,25,0,11,208,151,67,49,25,41,42,51
"470","1500000US080310155002",80310155002,"Block Group 2, Census Tract 155, Denver County, Colorado",1391,192,1154,191,78,50,7,12,22,25,14,26,60,60,56,47,0,11,56,47
"471","1500000US080310155003",80310155003,"Block Group 3, Census Tract 155, Denver County, Colorado",801,206,635,198,73,90,9,17,28,31,0,11,45,72,11,16,0,11,11,16
"472","1500000US080310156001",80310156001,"Block Group 1, Census Tract 156, Denver County, Colorado",3237,763,2516,735,119,93,0,11,201,159,0,11,401,397,0,11,0,11,0,11
"473","1500000US080310156002",80310156002,"Block Group 2, Census Tract 156, Denver County, Colorado",2004,508,1085,466,91,127,0,11,135,202,0,11,693,340,0,11,0,11,0,11
"474","1500000US080310156003",80310156003,"Block Group 3, Census Tract 156, Denver County, Colorado",1282,760,927,682,46,73,0,11,106,158,0,11,175,269,28,38,21,28,7,14
"475","1500000US080310156004",80310156004,"Block Group 4, Census Tract 156, Denver County, Colorado",1402,635,1289,647,0,11,0,11,0,11,0,11,51,66,62,72,26,43,36,58
"476","1500000US080310157001",80310157001,"Block Group 1, Census Tract 157, Denver County, Colorado",1897,562,1708,546,75,93,6,12,85,119,0,11,17,27,6,12,0,11,6,12
"477","1500000US080310157002",80310157002,"Block Group 2, Census Tract 157, Denver County, Colorado",920,326,758,314,49,76,0,11,0,11,19,30,79,164,15,24,15,24,0,11
"478","1500000US080310157003",80310157003,"Block Group 3, Census Tract 157, Denver County, Colorado",1184,362,939,356,0,11,0,11,163,85,0,11,27,41,55,82,6,10,49,81
"479","1500000US080310157004",80310157004,"Block Group 4, Census Tract 157, Denver County, Colorado",1648,517,1363,491,130,127,6,13,14,20,0,11,123,162,12,17,8,13,4,12
"480","1500000US080319800001",80319800001,"Block Group 1, Census Tract 9800, Denver County, Colorado",1449,240,702,122,549,282,7,11,7,12,0,11,17,16,167,124,25,34,142,120
"481","1500000US080319801001",80319801001,"Block Group 1, Census Tract 9801, Denver County, Colorado",0,11,0,11,0,11,0,11,0,11,0,11,0,11,0,11,0,11,0,11
